{
	"id": "442c4d01-406a-47b3-a5bb-2ce39bef6ee2",
	"name": "Live",
	"values": [
		{
			"key": "APIKEY",
			"value": "51f5efad1949470d94f9c703b1a453e6",
			"type": "default",
			"enabled": true
		},
		{
			"key": "APIToken",
			"value": "ATTA90f9d97f4a917bad3d60a066bb107c4b4fe917f4c98c5610f6586a47f74d68632B848901",
			"type": "default",
			"enabled": true
		}
	],
	"_postman_variable_scope": "environment",
	"_postman_exported_at": "2023-01-05T20:02:31.331Z",
	"_postman_exported_using": "Postman/10.6.7"
}